1,CS,A170,Java Programming 1
2,CS,A272,Java Programming 2
3,CS,A273,Mobile Application Development
4,CS,A150,C++ Programming 1
5,CS,A250,C++ Programming 2
6,CS,A200,Data Structures
7,CS,A216,Computer Architecture
8,CS,A220,Software Engineering
9,CS,A242,Computer Org Assembly Language
10,CS,A262,Discrete Structures
11,CS,A122,Python Concepts Methodology 1
12,CS,A131,Python Programming 1
13,CS,A132,Python Concepts Methodology 2
14,CS,A140,C#.NET Programming
15,CS,A257,Boolean Algebra and Logic
